,year,mean,std_err,lower,upper
0,2013,0.8408196721311477,0.8701349677383201,-0.8646448646359596,2.546284208898255
1,2014,-1.337624584717608,0.7615411467017833,-2.8302452322531035,0.15499606281788725
2,2015,-0.6493273542600896,0.6181746079766589,-1.8609495858943412,0.562294877374162